id;destinataire;details;date
1;generating;Computers Small Fresh Gloves back-end;2019-07-29
2;South Georgia and the South Sandwich Islands;composite Orchestrator Club;2019-07-28
3;sky blue;Peru deposit;2019-07-28
4;Strategist;card Licensed Cotton Ball;2019-07-29
5;bypass Ameliorated;Brand;2019-07-28
6;Saudi Riyal paradigms;Corporate;2019-07-29
7;Optimized;microchip;2019-07-28
8;motivating Operations alarm;e-markets system;2019-07-29
9;Louisiana;hack;2019-07-29
10;Wooden Ergonomic Steel Gloves;Developer Shoes Music;2019-07-28
