id;nom;prenom;datedenaissance;specialite;email;domaine
1;array supply-chains Advanced;Parkway Handmade Wooden Cheese;2019-07-29;payment synthesize Idaho;Gregg.Hintz@hotmail.com;EXE
2;web services;Industrial Designer Incredible Fresh Car;2019-07-29;Agent Gorgeous Rubber Chicken Associate;Cassidy69@yahoo.com;Wells
3;Naira iterate;Unbranded Plastic Chips Brand Regional;2019-07-29;Money Market Account;Cecelia.Dickens@gmail.com;one-to-one Indiana
4;holistic;Architect;2019-07-28;Falkland Islands (Malvinas);Hank_Schulist@gmail.com;Keyboard
5;Licensed Usability models;Personal Loan Account markets;2019-07-28;EXE Rustic Steel Shirt drive;Jaycee.Yost37@hotmail.com;navigate redefine
6;generating bypassing Bypass;Plastic Movies;2019-07-29;New Taiwan Dollar Zimbabwe parse;Kaylee_McDermott94@hotmail.com;navigating Ergonomic Falls
7;User-friendly;Savings Account;2019-07-29;El Salvador Colon US Dollar Checking Account global;Alanis_Osinski@gmail.com;transmit Gabon
8;connecting Planner Refined;engage Granite Grocery;2019-07-28;Credit Card Account transmitter cyan;Lexus.Ankunding60@gmail.com;withdrawal Jamaica
9;International;Luxembourg Spurs;2019-07-28;middleware Switzerland;Vada45@hotmail.com;indexing compress Practical Steel Chips
10;Berkshire concept;Illinois robust;2019-07-29;Creek;Camryn69@yahoo.com;Mouse Rupiah
